Year,Qtr1,Qtr2,Qtr3,Qtr4,Total
1962,8.20402,8.79236,8.29137,9.31486,34.60261
1963,8.31301,8.90751,8.43673,9.46161,35.11886
1964,8.46044,9.00868,8.53049,9.56906,35.56867
1965,8.55871,9.10698,8.62685,9.67096,35.9635
1966,8.68665,9.23823,8.76487,9.78436,36.47411
1967,8.81378,9.35025,8.85835,9.89767,36.92005
1968,8.9215,9.44223,8.98721,10.02374,37.37468
1969,9.0398,9.58123,9.10048,10.14496,37.86647
1970,9.1439,9.69405,9.19958,10.18683,38.22436
1971,9.21774,9.74924,9.27536,10.29424,38.53658
